ID,Nombre del gasto,Monto,Fecha,Categoría,Quién lo subió,Tipo de pago,Notas
11111111-1111-4111-8111-111111111111,Súper,"$1,234.50",2026-03-02,Despensa,ana@ejemplo.com,Transferencia,"Semana, con ofertas"
22222222-2222-4222-8222-222222222222,Luz,850,05/03/2026,servicios,beto@ejemplo.com,Crédito,
33333333-3333-4333-8333-333333333333,Gasolina,$ 600.005,2026-04-10,Transporte,carlos@ejemplo.com,Efectivo,"Nota con
salto de línea"
,Fila sin ID,100,2026-03-03,Casa,ana@ejemplo.com,Efectivo,
44444444-4444-4444-8444-444444444444,,100,2026-03-03,Casa,ana@ejemplo.com,Efectivo,
55555555-5555-4555-8555-555555555555,Cero,0,2026-03-03,Casa,ana@ejemplo.com,Efectivo,
66666666-6666-4666-8666-666666666666,Fecha mala,50,2026-02-30,Casa,ana@ejemplo.com,Efectivo,
77777777-7777-4777-8777-777777777777,Tarjeta vieja,200,2026-03-15,Casa,ana@ejemplo.com,Cheque,
